,wo_type,wo_start_datetime,wo_finish_datetime,wo_no,op_unit_id,eq_id,op_unit_desc,wo_header_short,wo_priority,wo_plan_cost,wo_total_cost,wo_status
0,COR1,,,100000015296,P794-PM1-P40-00900,45200000100001,ASTILLADORA,sus. placa desgaste cuchilla,2,0.00,"2,097.50",
1,COR1,,,100000016151,P794-PM1-P40-00900,,ASTILLADORA,sustitución correas astilladora,2,0.00,"9,861.80",
2,COR1,,,100000017011,P794-PM1-P40-00900,,ASTILLADORA,sus rodillo pinchos astilladora,2,0.00,"2,248.00",
3,COR1,,,100000018268,P794-PM1-P40-00900,,ASTILLADORA,limpieza mandibula astilladora,2,0.00,502.52,
4,COR1,,,100000025435,P794-PM1-P40-00900,,ASTILLADORA,sus. correas astilladora,2,0.00,"10,141.57",
5,COR1,,,100000025840,P794-PM1-P40-00900,,ASTILLADORA,sus. rodillo pinchos alimet astilladora,5,0.00,"5,252.23",
6,COR1,,,100000026184,P794-PM1-P40-00900,,ASTILLADORA,SUS. PEINE ENTRADA ASTILLADORA,5,0.00,"2,208.35",
7,COR1,,,100000026185,P794-PM1-P40-00900,,ASTILLADORA,SUS. CONTRACUCHILLA ASTILLADORA,5,0.00,879.48,
8,COR1,,,100000041973,P794-PM1-P40-00900,,ASTILLADORA,REPOSICION RELE SEGURIDAD ASTILLADORA,7,0.00,209.80,
9,COR1,,,100000042368,P794-PM1-P40-00900,,ASTILLADORA,sus. correas x 13 usadas,2,0.00,153.61,
10,PRV2,10.04.2012,10.04.2012,100000213599,P794-PM1-P40-00900,,ASTILLADORA,Sus fresa ejes alimt astilladora ***,6,0.00,"1,757.60",CTEC IMPR KKMP MOVM NLIQ PREC
11,PRV2,14.06.2012,14.06.2012,100000226844,P794-PM1-P40-00900,,ASTILLADORA,Rep trans mandibula sup astilladora,1,0.00,"4,906.49",CTEC IMPR KKMP MOVM NLIQ PREC
12,PRV2,15.06.2012,15.06.2012,100000227091,P794-PM1-P40-00900,,ASTILLADORA,Sus pinchos rodilla sup/inf  ultimo,1,0.00,"4,063.72",CTEC IMPR KKMP MOVM NLIQ PREC
13,PRV2,03.07.2012,03.07.2012,100000230602,P794-PM1-P40-00900,,ASTILLADORA,Rep eje rodillo aceleración entra astill,1,0.00,"1,077.72",CTEC IMPR KKMP MOVM NLIQ PREC
14,COR1,20.08.2012,20.08.2012,100000238789,P794-PM1-P40-00900,45200000100001,ASTILLADORA,REPARACIÓN CABLE 6KV ALIMENTACIÓN ASTILL,1,0.00,"2,782.40",CTEC KKMP MOVM NLIQ PREC
15,PRV1,24.09.2012,24.09.2012,100000245328,P794-PM1-P40-00900,45200000100001,ASTILLADORA,LEVANTAR CAPOTA DE ASTILLADORA PARA LIMP,1,0.00,695.07,CTEC KKMP MOVM NLIQ PREC
16,PRV2,08.03.2013,08.03.2013,100000274477,P794-PM1-P40-00900,,ASTILLADORA,SUST.PIÑON DE ARRASTRE DE MOTOR Y REDUCT,6,0.00,46.15,CTEC IMPR KKMP MOVM NLIQ PREC
17,PRV1,23.04.2013,23.04.2013,100000283214,P794-PM1-P40-00900,,ASTILLADORA,VACIADO FOSO DE LA ASTILLADORA,6,0.00,440.00,CTEC KKMP MOVM NLIQ PREC
18,PRV1,28.05.2013,28.05.2013,100000289287,P794-PM1-P40-00900,,ASTILLADORA,SUST. TAMIZ DE ASTILLADORA,4,0.00,"2,058.57",CTEC IMPR KKMP MOVM NLIQ PREC
19,PRV2,23.07.2013,23.07.2013,100000298690,P794-PM1-P40-00900,,ASTILLADORA,Sus. protecciones amortiguadores soporta,6,0.00,196.20,CTEC IMPR KKMP MOVM NLIQ PREC
20,PRV1,18.09.2013,18.09.2013,100000304152,P794-PM1-P40-00900,,ASTILLADORA,LIMPIEZA FOSO ASTILLADORA,6,288.20,288.20,CTEC KKMP MOVM NLIQ PREC
21,PRV2,27.09.2013,27.09.2013,100000308875,P794-PM1-P40-00900,,ASTILLADORA,SUST.DIENTES RODILLOS PIÑA ASTILLADORA.(,6,0.00,"5,297.81",CTEC IMPR KKMP MOVM NLIQ PREC
22,PRV2,30.09.2013,30.09.2013,100000309967,P794-PM1-P40-00900,,ASTILLADORA,SUST.TRANSMISION RODILLO PIÑA MANDIBULA,6,0.00,371.02,CTEC IMPR KKMP MOVM NLIQ PREC
23,PRV2,30.10.2013,30.10.2013,100000314305,P794-PM1-P40-00900,,ASTILLADORA,FABRICACION Y MONTAJE MUÑEQUILLA RODILLO,6,175.00,209.65,CTEC IMPP KKMP MOVM NLIQ PREC
24,PRV2,17.12.2013,17.12.2013,100000322436,P794-PM1-P40-00900,,ASTILLADORA,SUST.CADENA TRANSMISION RODILLOS PIÑA MA,6,0.00,174.44,CTEC IMPR KKMP MOVM NLIQ PREC
25,PRV2,13.02.2014,13.02.2014,100000331033,P794-PM1-P40-00900,,ASTILLADORA,SUST.ZAPATAS CUCHILLAS ROTOR ASTILLADORA,6,0.00,"3,176.40",LIB. IMPR KKMP MOVM NLIQ PREC
26,PRV2,11.06.2014,11.06.2014,100000331034,P794-PM1-P40-00900,,ASTILLADORA,SUST.CONTRACUCHILLAS ASTILLADORA. (MOTOR,6,860.00,"2,609.82",LIB. IMPP KKMP MOVM NLIQ PREC
27,COR1,26.02.2014,26.02.2014,100000332005,P794-PM1-P40-00900,,ASTILLADORA,REPARACION DE PISTON EXTRACTOR CONTRACUC,6,795.00,934.20,LIB. IMPP KKMP MOVM NLIQ PREC
28,PRV2,09.05.2014,09.05.2014,100000337817,P794-PM1-P40-00900,,ASTILLADORA,SUST.PEINE ASTILLADORA. (MOTOR 01 150) j,6,926.42,"2,674.52",CTEC IMPP KKMP MOVM NLIQ PREC
29,PRV2,25.04.2014,25.04.2014,100000341591,P794-PM1-P40-00900,,ASTILLADORA,LIMPIEZA MANDIBULA RODILLOS PIÑA ASTILLA,6,0.00,139.20,LIB. IMPR KKMP MOVM NLIQ PREC
30,PRV1,14.05.2014,14.05.2014,100000344058,P794-PM1-P40-00900,45200000100001,ASTILLADORA,SUSTITUCION ZAPATA ROTOR ASTILLADORA,3,0.00,0.00,CTEC IMPR KKMP NLIQ PREC
31,PRV2,26.05.2014,26.05.2014,100000345643,P794-PM1-P40-00900,,ASTILLADORA,SUST.MOTORREDUCTOR RODILLO ACELERADOR DE,6,0.00,518.93,CTEC IMPR KKMP MOVM NLIQ PREC
32,PRV2,30.05.2014,30.05.2014,100000346306,P794-PM1-P40-00900,,ASTILLADORA,"EXTRACCION CUCHILLA ROTOR ASTILLADORA, S",6,0.00,"2,294.86",CTEC IMPR KKMP MOVM NLIQ PREC
33,PRV2,20.06.2014,20.06.2014,100000346653,P794-PM1-P40-00900,,ASTILLADORA,REPARACION PISTON EXTRACTOR DE CONTRACUC,6,325.00,879.38,CTEC IMPP KKMP MOVM NLIQ PREC
34,COR1,02.07.2014,02.07.2014,100000347209,P794-PM1-P40-00900,,ASTILLADORA,REPARACION BOTONERA AEREA POLIPASTO DE C,7,0.00,730.76,CTEC IMPR KKMP MOVM NLIQ PREC
35,PRV2,12.08.2014,12.08.2014,100000349024,P794-PM1-P40-00900,,ASTILLADORA,SUST.EJE RODILLO ACELERADOR DE TACOS ENT,6,165.00,304.20,CTEC IMPP KKMP MOVM NLIQ PREC
36,PRV2,01.07.2014,01.07.2014,100000350598,P794-PM1-P40-00900,,ASTILLADORA,REPARAR MACACO DE LA ASTILLADORA,6,125.90,125.90,LIB. IMPP KKMP MOVM NLIQ PREC
37,PRV2,22.07.2014,22.07.2014,100000353362,P794-PM1-P40-00900,,ASTILLADORA,REPARACION CAPOTA DE ASTILLADORA (MOTOR,6,0.00,383.65,CTEC IMPR KKMP MOVM NLIQ PREC
38,PRV2,04.11.2014,04.11.2014,100000366575,P794-PM1-P40-00900,,ASTILLADORA,SUST.MUÑEQUILLA RODILLO ACELERADOR DE TA,3,165.00,165.00,CTEC IMPP KKMP MOVM NLIQ PREC
39,PRV2,21.11.2014,21.11.2014,100000367004,P794-PM1-P40-00900,,ASTILLADORA,SUSPENSION DE CAPOTA PARA LIMPIEZA DE MA,6,594.04,798.69,CTEC IMPP KKMP MOVM NLIQ PREC
40,COR1,19.11.2014,19.11.2014,100000368919,P794-PM1-P40-00900,,ASTILLADORA,REPONER CABLES ZONA ENTRADA ASTILLADORA,7,0.00,114.80,CTEC IMPR KKMP MOVM NLIQ PREC
41,PRV2,24.11.2014,24.11.2014,100000369517,P794-PM1-P40-00900,,ASTILLADORA,SUST.PINCHOS PENULTIMO RODILLO INFERIOR,6,0.00,"2,482.65",LIB. IMPR KKMP MOVM NLIQ PREC
42,PRV2,04.12.2014,04.12.2014,100000371027,P794-PM1-P40-00900,,ASTILLADORA,SUST. LATIGUILLO MACACOS ASTILLADORA (MO,6,0.00,99.53,CTEC IMPR KKMP MOVM NLIQ PREC
43,PRV2,05.12.2014,05.12.2014,100000371138,P794-PM1-P40-00900,,ASTILLADORA,SUST.CORREAS ROTOR ASTILLADORA (MOTOR 01,6,0.00,"3,390.10",CTEC IMPR KKMP MOVM NLIQ PREC
44,PRV2,16.12.2014,16.12.2014,100000372676,P794-PM1-P40-00900,,ASTILLADORA,RETENSADO CORREAS TRANSMISION ASTILLADOR,6,0.00,44.00,CTEC IMPR KKMP MOVM NLIQ PREC
45,PRV2,11.02.2015,11.02.2015,100000379554,P794-PM1-P40-00900,,ASTILLADORA,SUST. MUÑEQUILLA RODILLO ACELERADOR DE T,6,115.00,115.00,CTEC IMPP KKMP MOVM NLIQ PREC
46,PRV2,24.02.2015,24.02.2015,100000381286,P794-PM1-P40-00900,,ASTILLADORA,Reparación perno sujección tope de segur,6,75.00,214.20,CTEC IMPP KKMP MOVM NLIQ PREC
47,COR1,12.03.2015,12.03.2015,100000383210,P794-PM1-P40-00900,,ASTILLADORA,REPARACION DEL 5º EJE INFERIOR DE LA AST,7,897.84,"3,877.74",CTEC IMPP KKMP MOVM NLIQ PREC
48,PRV2,20.03.2015,20.03.2015,100000384652,P794-PM1-P40-00900,,ASTILLADORA,SUST.CADENA DE TRANSMISION RODILLOS PIÑA,6,0.00,0.00,CTEC IMPR KKMP NLIQ PREC
49,PRV2,25.03.2015,25.03.2015,100000385535,P794-PM1-P40-00900,,ASTILLADORA,"RETENSADO CORREAS ASTILLADORA,ELIMINACIO",6,0.00,0.00,CTEC IMPR KKMP NLIQ PREC
50,COR1,01.04.2015,01.04.2015,100000385808,P794-PM1-P40-00900,45200000100001,ASTILLADORA,MONTAR PROTECCION ASTILLADORA PARA CABLE,6,37.00,39.20,CTEC IMPP KKMP MOVM NLIQ PREC
51,PRV2,31.03.2015,31.03.2015,100000386184,P794-PM1-P40-00900,,ASTILLADORA,SUSTITUIR 2 PIÑONES MANDIBULA SUPERIOR D,4,975.00,"2,261.24",CTEC IMPP KKMP MOVM NLIQ PREC
52,PRV2,09.04.2015,09.04.2015,100000387457,P794-PM1-P40-00900,,ASTILLADORA,SUSTITUCION DE CORREAS DE TRANSMISION DE,6,0.00,"3,333.10",CTEC IMPR KKMP MOVM NLIQ PREC
53,PRV2,10.04.2015,10.04.2015,100000387671,P794-PM1-P40-00900,,ASTILLADORA,RETENSADO DE CORREAS DE TRANSMISION DE L,6,0.00,0.00,CTEC IMPR KKMP NLIQ PREC
54,PRV2,16.08.2016,16.08.2016,100000389812,P794-PM1-P40-00900,,ASTILLADORA,REPARACION DE PISTONES ELEVACION DE MAND,5,0.00,0.00,CTEC IMPR KKMP NLIQ PREC
55,PRV2,24.04.2015,24.04.2015,100000389813,P794-PM1-P40-00900,,ASTILLADORA,SUSTITUCION DE RETEN EN REDUCTOR MANDIBU,4,0.00,37.80,CTEC IMPR KKMP MOVM NLIQ PREC
56,PRV2,11.05.2015,11.05.2015,100000392055,P794-PM1-P40-00900,,ASTILLADORA,SUSTITUIR PIEZA DE DESGASTE AMARRE CUCHI,4,0.00,628.65,CTEC IMPR KKMP MOVM NLIQ PREC
57,PRV2,12.05.2015,12.05.2015,100000392059,P794-PM1-P40-00900,,ASTILLADORA,SUSTITUIR SILEMBLOCK REDUCTORES DE ACCIO,6,0.00,244.68,CTEC IMPP KKMP MOVM NLIQ PREC
58,COR1,13.05.2015,13.05.2015,100000392342,P794-PM1-P40-00900,45200000100001,ASTILLADORA,SUSTITUIR CABEZA FINAL DE CARRERA CAPOTA,7,0.00,10.43,CTEC IMPR KKMP MOVM NLIQ PREC
59,PRV2,08.06.2015,08.06.2015,100000396266,P794-PM1-P40-00900,,ASTILLADORA,SUSTITUIR CORREAS DE TRANSMISION DE LA A,4,0.00,"3,819.34",CTEC IMPR KKMP MOVM NLIQ PREC
60,PRV2,07.07.2015,07.07.2015,100000398453,P794-PM1-P40-00900,,ASTILLADORA,SUSTITUCION DE TAMIZ DE ASTILLADORA,6,198.00,949.06,CTEC IMPP KKMP MOVM NLIQ PREC
61,COR1,14.07.2015,14.07.2015,100000401943,P794-PM1-P40-00900,,ASTILLADORA,REPONER INTERRUPTOR CAMPO POLIPASTO ASTI,7,0.00,46.87,CTEC IMPR KKMP MOVM NLIQ PREC
62,PRV2,16.07.2015,16.07.2015,100000402249,P794-PM1-P40-00900,,ASTILLADORA,SUST. CADENA DE TRANSMISION RODILLOS PIÑ,6,0.00,102.08,CTEC IMPR KKMP MOVM NLIQ PREC
63,PRV2,27.07.2015,27.07.2015,100000402284,P794-PM1-P40-00900,,ASTILLADORA,SUST. EJE ULTIMO RODILLO PIÑA MANDIBULA,6,153.70,"3,717.76",CTEC IMPP KKMP MOVM NLIQ PREC
64,PRV2,30.09.2015,30.09.2015,100000412637,P794-PM1-P40-00900,,ASTILLADORA,SUST. PLACAS DE DESGASTE CUCHILLAS ASTIL,4,0.00,"1,518.90",CTEC IMPR KKMP MOVM NLIQ PREC
65,PRV2,21.10.2015,21.10.2015,100000412638,P794-PM1-P40-00900,,ASTILLADORA,INSPECCION TRANSMISION MANDIBULA SUPERIO,4,0.00,278.40,CTEC IMPR KKMP MOVM NLIQ PREC
66,COR1,09.10.2015,09.10.2015,100000413865,P794-PM1-P40-00900,,ASTILLADORA,SUSTITUCION CABEZA FINAL CARRERA CAPOTA,6,0.00,10.53,CTEC IMPR KKMP MOVM NLIQ PREC
67,PRV2,03.11.2015,03.11.2015,100000416557,P794-PM1-P40-00900,,ASTILLADORA,SUSTITUIR SPIKE´s EN RODILLO INFERIOR Nº,6,25.16,"2,154.36",CTEC IMPP KKMP MOVM NLIQ PREC
68,PRV2,30.10.2015,30.10.2015,100000416783,P794-PM1-P40-00900,,ASTILLADORA,SUST. CONTRACUCHILLA ROTOR ASTILLADORA.,4,0.00,35.50,CTEC IMPR KKMP MOVM NLIQ PREC
69,PRV1,24.11.2015,24.11.2015,100000418201,P794-PM1-P40-00900,45200000100001,ASTILLADORA,PM ASTILLADORA,6,0.00,32.80,CERR NOTI KKMP MOVM NLIQ PREC
70,PRV1,09.11.2015,09.11.2015,100000418262,P794-PM1-P40-00900,,ASTILLADORA,SUSTITUCION DE PINCHOS RODILLO SUPERIOR,6,0.00,"2,709.25",CTEC IMPR KKMP MOVM NLIQ PREC
71,PRV1,22.12.2015,22.12.2015,100000422022,P794-PM1-P40-00900,45200000100001,ASTILLADORA,PM ASTILLADORA,6,0.00,0.00,CERR NOTI IMPR KKMP NLIQ PREC
72,PRV1,18.12.2015,18.12.2015,100000423756,P794-PM1-P40-00900,,ASTILLADORA,CORTAR CORREAS Y RETENSARLAS DE LA ASTIL,1,0.00,37.80,CTEC IMPR KKMP MOVM NLIQ PREC
73,PRV1,17.11.2016,17.11.2016,100000427058,P794-PM1-P40-00900,45200000100001,ASTILLADORA,PM ASTILLADORA,6,0.00,37.80,CTEC NOTI IMPR KKMP MOVM NLIQ PREC
74,PRV2,17.11.2016,17.11.2016,100000429780,P794-PM1-P40-00900,,ASTILLADORA,SOLDAR FISURAS ROTOR ASTILLADORA Y CAMBI,1,0.00,302.40,LIB. IMPR KKMP MOVM NLIQ PREC
75,PRV1,16.02.2016,22.02.2016,100000430438,P794-PM1-P40-00900,45200000100001,ASTILLADORA,PM ASTILLADORA,6,0.00,75.60,CTEC NOTI IMPR KKMP MOVM NLIQ PREC
76,PRV2,17.11.2016,17.11.2016,100000432924,P794-PM1-P40-00900,,ASTILLADORA,REPARACION DER MANDIBULA ASTILLADORA .CO,6,14.00,89.60,LIB. IMPR KKMP MOVM NLIQ PREC
77,PRV1,15.03.2016,15.03.2016,100000434522,P794-PM1-P40-00900,45200000100001,ASTILLADORA,PM ASTILLADORA,6,0.00,0.00,CTEC NOTI IMPR KKMP NLIQ PREC
78,PRV1,12.04.2016,12.04.2016,100000438328,P794-PM1-P40-00900,45200000100001,ASTILLADORA,PM ASTILLADORA,6,0.00,0.00,CTEC NOTI IMPR KKMP NLIQ PREC
79,PRV2,17.11.2016,17.11.2016,100000439512,P794-PM1-P40-00900,,ASTILLADORA,REPARACION DE PISTONES HIDRAULICOS PARA,6,0.00,51.00,LIB. IMPR KKMP MOVM NLIQ PREC
80,PRV2,14.04.2016,14.04.2016,100000440002,P794-PM1-P40-00900,,ASTILLADORA,CAMBIAR PLACAS DE DESGASTE EN ASTILLADOR,1,0.00,"1,986.35",CTEC IMPR KKMP MOVM NLIQ PREC
81,PRV1,10.05.2016,10.05.2016,100000442652,P794-PM1-P40-00900,45200000100001,ASTILLADORA,PM ASTILLADORA,6,0.00,32.80,CTEC NOTI IMPR KKMP MOVM NLIQ PREC
82,PRV2,10.05.2016,10.05.2016,100000443857,P794-PM1-P40-00900,,ASTILLADORA,SUSTITUCION DE LATIGILLO DE MACACOS ASTI,6,0.00,29.88,CTEC IMPR KKMP MOVM NLIQ PREC
83,PRV1,07.06.2016,07.06.2016,100000446717,P794-PM1-P40-00900,45200000100001,ASTILLADORA,PM ASTILLADORA,6,0.00,0.00,CTEC NOTI IMPR KKMP NLIQ PREC
84,PRV2,17.11.2016,17.11.2016,100000449389,P794-PM1-P40-00900,,ASTILLADORA,REPARACION DE CADENA RODILLOS PIÑA ASTIL,6,0.00,206.70,LIB. IMPR KKMP MOVM NLIQ PREC
85,PRV1,05.07.2016,05.07.2016,100000450766,P794-PM1-P40-00900,45200000100001,ASTILLADORA,PM ASTILLADORA,6,0.00,0.00,LIB. IMPR KKMP NLIQ PREC
86,PRV1,02.08.2016,12.08.2016,100000454970,P794-PM1-P40-00900,45200000100001,ASTILLADORA,PM ASTILLADORA,6,0.00,51.00,CTEC NOTI IMPR KKMP MOVM NLIQ PREC
87,PRV2,02.08.2016,02.08.2016,100000456299,P794-PM1-P40-00900,,ASTILLADORA,REPARACION DE PISTONES ELEVACION MANDIBU,6,0.00,0.00,LIB. IMPR KKMP NLIQ PREC
88,PRV1,30.08.2016,30.08.2016,100000458641,P794-PM1-P40-00900,45200000100001,ASTILLADORA,PM ASTILLADORA,6,0.00,0.00,CTEC NOTI KKMP NLIQ PREC
89,PRV2,17.11.2016,17.11.2016,100000460683,P794-PM1-P40-00900,,ASTILLADORA,REPARACION  DE CADENAS RODILLOS PIÑA SUP,6,0.00,152.74,LIB. IMPR KKMP MOVM NLIQ PREC
90,PRV2,24.02.2017,24.02.2017,100000460796,P794-PM1-P40-00900,,ASTILLADORA,SUSTITUCION DE RODILLO ALIMENTADOR A AST,6,228.81,"3,669.07",CTEC IMPP KKMP MOVM NLIQ PREC
91,PRV2,08.09.2016,08.09.2016,100000460913,P794-PM1-P40-00900,,ASTILLADORA,SUSTITUCION DE LATIGILLO DE LOS MACACOS,6,0.00,29.88,CTEC IMPR KKMP MOVM NLIQ PREC
92,PRV1,27.09.2016,27.09.2016,100000462103,P794-PM1-P40-00900,45200000100001,ASTILLADORA,PM ASTILLADORA,6,0.00,0.00,CTEC NOTI IMPR KKMP NLIQ PREC
93,PRV2,17.11.2016,17.11.2016,100000463318,P794-PM1-P40-00900,,ASTILLADORA,LEBANTAR CAPOTA DE ASTILLADORA PARA DESA,6,0.00,313.22,LIB. IMPR KKMP MOVM NLIQ PREC
94,PRV1,25.10.2016,25.10.2016,100000465777,P794-PM1-P40-00900,45200000100001,ASTILLADORA,PM ASTILLADORA,6,0.00,8.20,CTEC NOTI IMPR KKMP MOVM NLIQ PREC
95,PRV2,02.11.2016,02.11.2016,100000465932,P794-PM1-P40-00900,,ASTILLADORA,"REPARACION DE ROTOR, SOLDAR CHAPON Y REP",6,28.00,443.80,CTEC IMPP KKMP MOVM NLIQ PREC
96,COR1,21.10.2016,21.10.2016,100000466529,P794-PM1-P40-00900,,ASTILLADORA,SUSTITUIR FC BULON ASTILLADORA,7,0.00,10.78,CTEC IMPR KKMP MOVM NLIQ PREC
97,PRV2,11.11.2016,11.11.2016,100000467077,P794-PM1-P40-00900,,ASTILLADORA,EXTRACCION TORNILLOS PARTIDOS EN MODULOS,6,10.92,237.72,CTEC IMPR KKMP MOVM NLIQ PREC
98,PRV1,28.10.2016,28.10.2016,100000467292,P794-PM1-P40-00900,45200000100001,ASTILLADORA,PM ASTILLADORA,6,"31,873.66",0.00,LIB. FMAT IMPP NLIQ PREC
99,COR1,10.11.2016,10.11.2016,100000469219,P794-PM1-P40-00900,,ASTILLADORA,SUSTITUCION SETA 22S3 TRAS LLEVARSE UN G,6,0.00,23.79,CTEC IMPR KKMP MOVM NLIQ PREC
100,PRV1,22.11.2016,22.11.2016,100000469521,P794-PM1-P40-00900,45200000100001,ASTILLADORA,PM ASTILLADORA,6,0.00,0.00,CTEC NOTI IMPR KKMP NLIQ PREC
101,PRV1,20.12.2016,20.12.2016,100000473376,P794-PM1-P40-00900,45200000100001,ASTILLADORA,PM ASTILLADORA,6,0.00,0.00,CTEC NOTI IMPR KKMP NLIQ PREC
102,PRV1,17.01.2017,17.01.2017,100000476681,P794-PM1-P40-00900,45200000100001,ASTILLADORA,PM ASTILLADORA,6,0.00,0.00,CTEC NOTI IMPR KKMP NLIQ PREC
103,PRV1,14.02.2017,14.02.2017,100000480804,P794-PM1-P40-00900,45200000100001,ASTILLADORA,PM ASTILLADORA,6,0.00,0.00,CTEC NOTI IMPR KKMP NLIQ PREC
104,PRV2,13.02.2017,13.02.2017,100000481937,P794-PM1-P40-00900,,ASTILLADORA,SUST. VALVULA ANTIRRETORNO ASTILLADORA.,6,0.00,454.71,LIB. IMPR KKMP MOVM NLIQ PREC
105,COR1,16.02.2017,16.02.2017,100000482319,P794-PM1-P40-00900,45200000100001,ASTILLADORA,SUSTITUCION SINEBLOT SOPORTES BOMBA HIDR,6,0.00,12.17,LIB. IMPP KKMP MOVM NLIQ PREC
106,PRV2,24.02.2017,24.02.2017,100000483130,P794-PM1-P40-00900,,ASTILLADORA,REPARACION ANCLAJE CUCHILLAS ROTOR ASTIL,4,38.79,"3,495.09",CTEC IMPP KKMP MOVM NLIQ PREC
107,PRV2,21.02.2017,21.02.2017,100000483131,P794-PM1-P40-00900,,ASTILLADORA,SUST. PLACAS DE DESGASTE ROTOR ASTILLADO,4,0.00,795.10,CTEC IMPR KKMP MOVM NLIQ PREC
108,PRV2,21.02.2017,21.02.2017,100000483132,P794-PM1-P40-00900,,ASTILLADORA,REPARACION TRAMEL PLATAFORMA ASTILLADORA,4,0.00,452.40,CTEC IMPR KKMP MOVM NLIQ PREC
109,PRV2,23.03.2017,23.03.2017,100000483166,P794-PM1-P40-00900,,ASTILLADORA,"SUST. RODILLO ""PIÑA"" ALIMENTACION ASTILL",6,414.56,"6,398.83",CTEC IMPP KKMP MOVM NLIQ PREC
110,PRV1,14.03.2017,14.03.2017,100000484736,P794-PM1-P40-00900,45200000100001,ASTILLADORA,PM ASTILLADORA,6,0.00,0.00,CTEC NOTI IMPR KKMP NLIQ PREC
111,PRV2,08.03.2017,08.03.2017,100000485099,P794-PM1-P40-00900,,ASTILLADORA,SUST. CORREAS DE TRANSMISION ASTILLADORA,6,0.00,"3,624.94",CTEC IMPR KKMP MOVM NLIQ PREC
112,PRV2,17.03.2017,17.03.2017,100000485297,P794-PM1-P40-00900,,ASTILLADORA,SUST. ELACTOMEROS ACOPLAMIENTOS ELASTICO,4,476.15,778.55,CTEC IMPP KKMP MOVM NLIQ PREC
113,COR1,13.03.2017,13.03.2017,100000485743,P794-PM1-P40-00900,,ASTILLADORA,SUSTITUIR CONTACTOS DE MANDO CAMBIO CUCH,7,0.00,13.26,LIB. IMPR KKMP MOVM NLIQ PREC
114,PRV2,30.03.2017,30.03.2017,100000486063,P794-PM1-P40-00900,,ASTILLADORA,REPARACION ROTOR ASTILLADORA. (MOTOR 01,4,95.00,"1,448.60",CTEC IMPP KKMP MOVM NLIQ PREC
115,PRV1,11.04.2017,11.04.2017,100000488620,P794-PM1-P40-00900,45200000100001,ASTILLADORA,PM ASTILLADORA,6,0.00,34.00,CTEC NOTI IMPR KKMP MOVM NLIQ PREC
116,PRV2,05.04.2017,05.04.2017,100000489045,P794-PM1-P40-00900,,ASTILLADORA,SUST. AMORTIGUADORES ASTILLADORA. (MOTOR,4,0.00,278.40,LIB. IMPP KKMP MOVM NLIQ PREC
117,PRV1,09.05.2017,09.05.2017,100000492380,P794-PM1-P40-00900,45200000100001,ASTILLADORA,PM ASTILLADORA,6,0.00,0.00,CTEC NOTI IMPR KKMP NLIQ PREC
118,PRV1,06.06.2017,06.06.2017,100000496213,P794-PM1-P40-00900,45200000100001,ASTILLADORA,PM ASTILLADORA,6,0.00,0.00,CTEC NOTI IMPR KKMP NLIQ PREC
119,PRV2,20.06.2017,20.06.2017,100000499650,P794-PM1-P40-00900,,ASTILLADORA,REPARACION ROTOR ASTILLADORA. Juan Luis.,6,0.00,151.20,CTEC IMPR KKMP MOVM NLIQ PREC
120,PRV2,20.06.2017,20.06.2017,100000499652,P794-PM1-P40-00900,,ASTILLADORA,SUST. MUÑEQUILLA RODILLO ACELERADOR DE T,6,0.00,0.00,CTEC IMPR KKMP NLIQ PREC
121,COR1,,,100000026633,P794-PM1-P40-00900-060,,MOTOR PRINCIPAL DE ACCIONAMIENTO,REVISION SIPROTEC E INTERRUPTOR ASTILLAD,5,0.00,0.00,
122,COR1,01.12.2014,01.12.2014,100000368915,P794-PM1-P40-00900-090,,ACCIONAMIENTO DE ALIMENTACIÓN (2),SUSTITUIR RETEN MOTOR 150M4 RODILLOS SUP,7,58.02,490.41,CTEC IMPP KKMP MOVM NLIQ PREC
123,PRV1,17.11.2016,17.11.2016,100000427752,P794-PM1-P40-00900-090,43100017500001,ACCIONAMIENTO DE ALIMENTACIÓN (2),CAMBIO ACEITE REDUCTOR SUPERIOR ASTILLAD,4,0.00,37.80,LIB. IMPR KKMP MOVM NLIQ PREC
124,PRV1,17.11.2016,17.11.2016,100000427753,P794-PM1-P40-00900-090,43100017500002,ACCIONAMIENTO DE ALIMENTACIÓN (2),CAMBIO ACEITE REDUCTOR INFERIOR ASTILLAD,4,0.00,37.80,LIB. IMPR KKMP MOVM NLIQ PREC
125,COR1,22.04.2016,22.04.2016,100000441444,P794-PM1-P40-00900-090,,ACCIONAMIENTO DE ALIMENTACIÓN (2),REPONER ARRANCADOR 01.150M03 RODILLOS IN,7,0.00,438.84,CTEC IMPR KKMP MOVM NLIQ PREC
126,PRV2,07.11.2016,07.11.2016,100000468772,P794-PM1-P40-00900-090,64500092500027,ACCIONAMIENTO DE ALIMENTACIÓN (2),REPARAR MOTOR 01.150M03 RODILLOS INF.AST,4,0.00,315.53,CTEC IMPR KKMP MOVM NLIQ PREC
127,COR1,15.09.2015,15.09.2015,100000410505,P794-PM1-P40-00900-110,,RODILLO ALIMENTADOR,SUSTITUIR CABEZA FC APERTURA MAXIMA ENTR,7,0.00,26.06,CTEC IMPR KKMP MOVM NLIQ PREC
128,PRV1,09.12.2015,09.12.2015,100000422339,P794-PM1-P40-00900-110,,RODILLO ALIMENTADOR,REPARAR SOPORTE DE REDUCTOR,1,0.00,584.33,CTEC IMPR KKMP MOVM NLIQ PREC
129,COR1,15.02.2017,15.02.2017,100000482249,P794-PM1-P40-00900-110,,RODILLO ALIMENTADOR,SUSTITUIR INT LOCAL 01.110M1 ALIMENTACIO,7,0.00,87.26,LIB. IMPR KKMP MOVM NLIQ PREC
130,PRV2,21.02.2017,21.02.2017,100000483129,P794-PM1-P40-00900-110,,RODILLO ALIMENTADOR,SUST. RODILLO Y REDUCTOR RODILLO ALIMENT,4,0.00,0.00,CTEC IMPR KKMP NLIQ PREC
131,COR1,10.07.2014,10.07.2014,100000351874,P794-PM1-P40-00900-120,43100014500001,ACCIONAMIENTO DEL RODILLO RECTIFICADOR,REPONER TAPA VENTILADOR MOTOR 150M3 RODI,6,0.00,76.02,CTEC KKMP MOVM NLIQ PREC
132,PRV2,17.11.2016,17.11.2016,100000437868,P794-PM1-P40-00900-120,,ACCIONAMIENTO DEL RODILLO RECTIFICADOR,SUSTITUCION DE RETEN REDUCTOR RODILLOS D,6,0.03,132.33,LIB. IMPR KKMP MOVM NLIQ PREC
133,PRV2,06.11.2015,06.11.2015,100000417529,P794-PM1-P40-00900-140,,RODILLO RECTIFICADOR,REPARACION DE MANGUETA RODILLO ACELERADO,1,0.00,"1,121.70",CTEC IMPR KKMP MOVM NLIQ PREC
134,COR1,01.07.2014,01.07.2014,100000350697,P794-PM1-P40-00900-150,,INSTALACIÓN HIDRÁULICA DE BAJA PRESIÓN,SUSTITUIR CONTACTOR DE BOMBA HIDRAULICA,7,0.00,23.77,CTEC IMPR KKMP MOVM NLIQ PREC
135,COR1,29.10.2014,29.10.2014,100000366065,P794-PM1-P40-00900-150,,INSTALACIÓN HIDRÁULICA DE BAJA PRESIÓN,SUSTITUIR CAMARA DE CONTACTOS DE APERTUR,7,0.00,6.75,CTEC IMPR KKMP MOVM NLIQ PREC
136,COR1,07.09.2015,07.09.2015,100000409479,P794-PM1-P40-00900-150,,INSTALACIÓN HIDRÁULICA DE BAJA PRESIÓN,SUSTITUIR CAMARA DE CONTACTOS DE APERTUR,7,0.00,3.18,CTEC IMPR KKMP MOVM NLIQ PREC
137,COR1,21.10.2015,21.10.2015,100000415455,P794-PM1-P40-00900-150,,INSTALACIÓN HIDRÁULICA DE BAJA PRESIÓN,SUSTITUIR CONTACTOR MOTOR 01.150M06 HIDR,7,0.00,19.73,CTEC IMPR KKMP MOVM NLIQ PREC
138,COR1,26.05.2016,26.05.2016,100000446275,P794-PM1-P40-00900-150,,INSTALACIÓN HIDRÁULICA DE BAJA PRESIÓN,SUSTITUIR CAMARA DE CONTACTOS DE PULSADO,7,0.00,6.36,CTEC IMPR KKMP MOVM NLIQ PREC
139,COR1,06.06.2016,06.06.2016,100000447971,P794-PM1-P40-00900-150,,INSTALACIÓN HIDRÁULICA DE BAJA PRESIÓN,SUSTITUIR CABLE DE PULSADORA DE ASTILLAD,7,0.00,29.76,CTEC IMPR KKMP MOVM NLIQ PREC
140,COR1,11.04.2017,11.04.2017,100000489950,P794-PM1-P40-00900-150,,INSTALACIÓN HIDRÁULICA DE BAJA PRESIÓN,SUSTITUIR CAMARA DE CONTACTO EN MANDO AP,7,0.00,433.24,CTEC IMPR KKMP MOVM NLIQ PREC
141,COR1,17.05.2017,17.05.2017,100000494724,P794-PM1-P40-00900-150,,INSTALACIÓN HIDRÁULICA DE BAJA PRESIÓN,SUSTITUIR CAMARA DE CONTACTO EN MANDO AS,7,0.00,20.40,CTEC IMPR KKMP MOVM NLIQ PREC
142,COR1,08.06.2017,08.06.2017,100000497962,P794-PM1-P40-00900-150,,INSTALACIÓN HIDRÁULICA DE BAJA PRESIÓN,COLOCACIÓN CAJA INTERMEDIA BOMBA HIDRAUL,6,0.00,34.64,LIB. IMPR KKMP MOVM NLIQ PREC
143,COR1,12.06.2015,12.06.2015,100000396914,P794-PM1-P40-00900-160,,BRAZO OSCILATORIO,SUSTITUIR FC MANDIBULA DE ASTILLADORA,7,0.00,35.89,CTEC IMPR KKMP MOVM NLIQ PREC
144,COR1,15.03.2016,15.03.2016,100000435833,P794-PM1-P40-00900-160,,BRAZO OSCILATORIO,SUSTITUIR FC APERTURA MAXIMA MANDIBULA,7,0.00,10.67,CTEC IMPR KKMP MOVM NLIQ PREC
145,COR1,06.09.2016,06.09.2016,100000460674,P794-PM1-P40-00900-170,,INSTALACIÓN HIDRÁULICA DE ALTA PRESIÓN D,REPONER VALVULA ALTA PRESIÓN MACACOS AST,7,0.00,360.90,CTEC KKMP MOVM NLIQ PREC
146,PRV2,13.06.2017,13.06.2017,100000496496,P794-PM1-P40-00900-170,,INSTALACIÓN HIDRÁULICA DE ALTA PRESIÓN D,SUST. BOMBA DE ALTA PRESION ASTILLADORA.,6,19.50,111.10,LIB. IMPP KKMP MOVM NLIQ PREC
147,COR1,11.02.2015,11.02.2015,100000379662,P794-PM1-P40-00900-180,,MOTOR DE CENTRAL HIDRÁULICA DE ACELERACI,REPONER CONTACTOR 150M06 HIDR.ASTILLADOR,7,0.00,23.77,CTEC KKMP MOVM NLIQ PREC
148,PRV1,18.05.2017,18.05.2017,100000494826,P794-PM1-P40-00900-210,,INSTALACIÓN HIDRÁULICA DE ALTA PRESIÓN P,SUSTITUCIÓN BOMBA HIDRÁULICA ASTILLADORA,1,0.00,248.47,LIB. KKMP MOVM NLIQ PREC
